<?xml version="1.0" encoding="UTF-8" standalone="yes"?>
<addon id="repository.alexelec.gen"
		name="AlexELEC Common Add-ons"
		version="12.0"
		provider-name="AlexELEC">
	<extension point="xbmc.addon.repository">
		<dir>
			<info>https://raw.githubusercontent.com/AlexELEC/repo-21/master/Omega/common/addons.xml.gz</info>
			<checksum verify="sha256">https://raw.githubusercontent.com/AlexELEC/repo-21/master/Omega/common/addons.xml.gz.sha256</checksum>
			<datadir zip="true">https://raw.githubusercontent.com/AlexELEC/repo-21/master/Omega/common</datadir>
		</dir>
	</extension>
	<extension point="xbmc.addon.metadata">
		<summary>AlexELEC Common Add-ons</summary>
		<description>The AlexELEC add-on repository contains TVLINK Simpe control, Skins, and more.</description>
		<platform>all</platform>
		<assets>
			<icon>icon.png</icon>
		</assets>
	</extension>
</addon>
